date,day,islamic_day,sehri_ends,fajr_start,sunrise,zawal,zohr,asr,esha,fajr_jamaat,zohar_jamaat,asr_jamaat,maghrib_iftari,maghrib_jamaat,esha_jamaat
2026-05-20,Wed,,02:57,03:12,05:05,,13:09,17:19,22:25,03:40,13:45,18:00,21:05,21:05,22:40
2026-05-21,Thu,,02:55,03:10,05:04,,13:09,17:21,22:27,03:40,13:45,18:00,21:07,21:07,22:40
2026-05-22,Fri,,02:54,03:09,05:02,,13:09,17:21,22:28,03:40,13:50,18:00,21:08,21:08,22:40
2026-05-23,Sat,,02:52,03:07,05:01,,13:09,17:21,22:30,03:40,13:45,18:00,21:10,21:10,22:40
2026-05-24,Sun,,02:51,03:06,05:00,,13:09,17:23,22:31,03:40,13:45,18:00,21:11,21:11,22:40
2026-05-25,Mon,,02:50,03:05,04:59,,13:09,17:23,22:32,03:30,13:45,18:00,21:12,21:12,22:50
2026-05-26,Tue,,02:49,03:04,04:57,,13:10,17:23,22:34,03:30,13:45,18:00,21:14,21:14,22:50
2026-05-27,Wed,,02:48,03:03,04:56,,13:10,17:23,22:35,03:30,13:45,18:00,21:15,21:15,22:50
2026-05-28,Thu,,02:47,03:02,04:55,,13:10,17:25,22:36,03:30,13:45,18:00,21:16,21:16,22:50
