date,day,islamic_day,sehri_ends,fajr_start,sunrise,zawal,zohr,asr,esha,fajr_jamaat,zohar_jamaat,asr_jamaat,maghrib_iftari,maghrib_jamaat,esha_jamaat
2026-01-01,Thu,,07:22,07:22,08:44,,12:59,14:47,18:25,07:32,13:09,14:57,17:08,17:13,18:35
2026-01-02,Fri,,07:22,07:22,08:44,,13:00,14:48,18:25,07:32,13:10,14:58,17:09,17:14,18:35
2026-01-03,Sat,,07:22,07:22,08:44,,13:00,14:49,18:26,07:32,13:10,14:59,17:10,17:15,18:36
2026-01-04,Sun,,07:22,07:22,08:44,,13:01,14:50,18:27,07:32,13:11,15:00,17:11,17:16,18:37
2026-01-05,Mon,,07:22,07:22,08:44,,13:01,14:51,18:28,07:32,13:11,15:01,17:12,17:17,18:38
2026-01-06,Tue,,07:22,07:22,08:43,,13:02,14:52,18:29,07:32,13:12,15:02,17:13,17:18,18:39
2026-01-07,Wed,,07:21,07:21,08:43,,13:02,14:53,18:30,07:31,13:12,15:03,17:14,17:19,18:40
2026-01-08,Thu,,07:21,07:21,08:43,,13:02,14:54,18:32,07:31,13:12,15:04,17:16,17:21,18:42
2026-01-09,Fri,,07:21,07:21,08:42,,13:03,14:55,18:33,07:31,13:13,15:05,17:17,17:22,18:43
2026-01-10,Sat,,07:21,07:21,08:42,,13:03,14:56,18:34,07:31,13:13,15:06,17:18,17:23,18:44
2026-01-11,Sun,,07:20,07:20,08:41,,13:04,14:57,18:35,07:30,13:14,15:07,17:20,17:25,18:45
2026-01-12,Mon,,07:20,07:20,08:41,,13:04,14:59,18:36,07:30,13:14,15:09,17:21,17:26,18:46
2026-01-13,Tue,,07:20,07:20,08:40,,13:04,15:00,18:37,07:30,13:14,15:10,17:22,17:27,18:47
2026-01-14,Wed,,07:19,07:19,08:40,,13:05,15:01,18:39,07:29,13:15,15:11,17:24,17:29,18:49
2026-01-15,Thu,,07:19,07:19,08:39,,13:05,15:02,18:40,07:29,13:15,15:12,17:25,17:30,18:50
2026-01-16,Fri,,07:18,07:18,08:38,,13:05,15:03,18:41,07:28,13:15,15:13,17:26,17:31,18:51
2026-01-17,Sat,,07:18,07:18,08:37,,13:06,15:05,18:42,07:28,13:16,15:15,17:28,17:33,18:52
2026-01-18,Sun,,07:17,07:17,08:36,,13:06,15:06,18:43,07:27,13:16,15:16,17:29,17:34,18:53
2026-01-19,Mon,,07:16,07:16,08:36,,13:06,15:07,18:45,07:26,13:16,15:17,17:31,17:36,18:55
2026-01-20,Tue,,07:16,07:16,08:35,,13:07,15:08,18:46,07:26,13:17,15:18,17:32,17:37,18:56
2026-01-21,Wed,,07:15,07:15,08:34,,13:07,15:10,18:47,07:25,13:17,15:20,17:34,17:39,18:57
2026-01-22,Thu,,07:14,07:14,08:33,,13:07,15:11,18:49,07:24,13:17,15:21,17:35,17:40,18:59
2026-01-23,Fri,,07:13,07:13,08:32,,13:08,15:12,19:01,07:23,13:18,15:22,17:37,17:42,19:11
2026-01-24,Sat,,07:12,07:12,08:31,,13:08,15:14,19:03,07:22,13:18,15:24,17:39,17:44,19:13
2026-01-25,Sun,,07:11,07:11,08:30,,13:08,15:15,19:04,07:21,13:18,15:25,17:40,17:45,19:14
2026-01-26,Mon,,07:10,07:10,08:28,,13:08,15:16,19:06,07:20,13:18,15:26,17:42,17:47,19:16
2026-01-27,Tue,,07:09,07:09,08:27,,13:08,15:18,19:07,07:19,13:18,15:28,17:43,17:48,19:17
2026-01-28,Wed,,07:08,07:08,08:26,,13:09,15:19,19:09,07:18,13:19,15:29,17:45,17:50,19:19
2026-01-29,Thu,,07:07,07:07,08:25,,13:09,15:20,19:11,07:17,13:19,15:30,17:47,17:52,19:21
2026-01-30,Fri,,07:06,07:06,08:23,,13:09,15:21,19:12,07:16,13:19,15:31,17:48,17:53,19:22
2026-01-31,Sat,,07:05,07:05,08:22,,13:09,15:23,19:14,07:15,13:19,15:33,17:50,17:55,19:24
2026-02-01,Sun,,07:04,07:04,08:21,,13:09,15:24,19:15,07:14,13:19,15:34,17:51,17:56,19:25
2026-02-02,Mon,,07:02,07:02,08:19,,13:09,15:25,19:17,07:12,13:19,15:35,17:53,17:58,19:27
2026-02-03,Tue,,07:01,07:01,08:18,,13:09,15:27,19:18,07:11,13:19,15:37,17:54,17:59,19:28
2026-02-04,Wed,,07:00,07:00,08:16,,13:10,15:28,19:20,07:10,13:20,15:38,17:56,18:01,19:30
2026-02-05,Thu,,06:59,06:59,08:15,,13:10,15:29,19:22,07:09,13:20,15:39,17:58,18:03,19:32
2026-02-06,Fri,,06:57,06:57,08:14,,13:10,15:31,19:24,07:07,13:20,15:41,18:00,18:05,19:34
2026-02-07,Sat,,06:56,06:56,08:12,,13:10,15:32,19:25,07:06,13:20,15:42,18:01,18:06,19:35
2026-02-08,Sun,,06:54,06:54,08:10,,13:10,15:33,19:27,07:04,13:20,15:43,18:03,18:08,19:37
2026-02-09,Mon,,06:53,06:53,08:09,,13:10,15:35,19:29,07:03,13:20,15:45,18:05,18:10,19:39
2026-02-10,Tue,,06:52,06:52,08:07,,13:10,15:36,19:30,07:02,13:20,15:46,18:06,18:11,19:40
2026-02-11,Wed,,06:50,06:50,08:06,,13:10,15:37,19:32,07:00,13:20,15:47,18:08,18:13,19:42
2026-02-12,Thu,,06:49,06:49,08:04,,13:10,15:39,19:34,06:59,13:20,15:49,18:10,18:15,19:44
2026-02-13,Fri,,06:47,06:47,08:02,,13:10,15:40,19:35,06:57,13:20,15:50,18:11,18:16,19:45
2026-02-14,Sat,,06:45,06:45,08:00,,13:10,15:41,19:37,06:55,13:20,15:51,18:13,18:18,19:47
2026-02-15,Sun,,06:44,06:44,07:59,,13:10,15:43,19:39,06:54,13:20,15:53,18:15,18:20,19:49
2026-02-16,Mon,,06:42,06:42,07:57,,13:10,15:44,19:40,06:52,13:20,15:54,18:16,18:21,19:50
2026-02-17,Tue,,06:41,06:41,07:55,,13:10,15:45,19:42,06:51,13:20,15:55,18:18,18:23,19:52
2026-02-18,Wed,,06:39,06:39,07:53,,13:10,15:46,19:44,06:49,13:20,15:56,18:20,18:25,19:54
2026-02-19,Thu,,06:37,06:37,07:52,,13:09,15:47,19:45,06:47,13:19,15:57,18:21,18:26,19:55
2026-02-20,Fri,,06:36,06:36,07:50,,13:09,15:49,19:47,06:46,13:19,15:59,18:23,18:28,19:57
2026-02-21,Sat,,06:34,06:34,07:48,,13:09,15:50,19:48,06:44,13:19,16:00,18:24,18:29,19:58
2026-02-22,Sun,,06:33,06:33,07:46,,13:09,15:51,19:50,06:43,13:19,16:01,18:26,18:31,20:00
2026-02-23,Mon,,06:31,06:31,07:44,,13:09,15:52,19:52,06:41,13:19,16:02,18:28,18:33,20:02
2026-02-24,Tue,,06:29,06:29,07:42,,13:09,15:54,19:53,06:39,13:19,16:04,18:29,18:34,20:03
2026-02-25,Wed,,06:27,06:27,07:40,,13:09,15:55,19:55,06:37,13:19,16:05,18:31,18:36,20:05
2026-02-26,Thu,,06:25,06:25,07:38,,13:09,15:56,19:56,06:35,13:19,16:06,18:32,18:37,20:06
2026-02-27,Fri,,06:23,06:23,07:36,,13:08,15:57,19:58,06:33,13:18,16:07,18:34,18:39,20:08
2026-02-28,Sat,,06:22,06:22,07:35,,13:08,15:58,20:00,06:32,13:18,16:08,18:36,18:41,20:10
2026-03-01,Sun,,06:20,06:20,07:33,,13:08,15:59,20:01,06:30,13:18,16:09,18:37,18:42,20:11
2026-03-02,Mon,,06:18,06:18,07:31,,13:08,16:00,20:03,06:28,13:18,16:10,18:39,18:44,20:13
2026-03-03,Tue,,06:16,06:16,07:29,,13:08,16:01,20:04,06:26,13:18,16:11,18:40,18:45,20:14
2026-03-04,Wed,,06:14,06:14,07:27,,13:07,16:03,20:06,06:24,13:17,16:13,18:42,18:47,20:16
2026-03-05,Thu,,06:12,06:12,07:25,,13:07,16:04,20:08,06:22,13:17,16:14,18:44,18:49,20:18
2026-03-06,Fri,,06:10,06:10,07:23,,13:07,16:05,20:09,06:20,13:17,16:15,18:45,18:50,20:19
2026-03-07,Sat,,06:08,06:08,07:20,,13:07,16:06,20:11,06:18,13:17,16:16,18:47,18:52,20:21
2026-03-08,Sun,,06:06,06:06,07:18,,13:06,16:07,20:12,06:16,13:16,16:17,18:48,18:53,20:22
2026-03-09,Mon,,06:04,06:04,07:16,,13:06,16:08,20:14,06:14,13:16,16:18,18:50,18:55,20:24
2026-03-10,Tue,,06:02,06:02,07:14,,13:06,16:09,20:15,06:12,13:16,16:19,18:51,18:56,20:25
2026-03-11,Wed,,06:00,06:00,07:12,,13:06,16:10,20:17,06:10,13:16,16:20,18:53,18:58,20:27
2026-03-12,Thu,,05:57,05:57,07:10,,13:05,16:11,20:19,06:07,13:15,16:21,18:54,18:59,20:29
2026-03-13,Fri,,05:55,05:55,07:08,,13:05,16:12,20:20,06:05,13:15,16:22,18:56,19:01,20:30
2026-03-14,Sat,,05:53,05:53,07:06,,13:05,16:13,20:22,06:03,13:15,16:23,18:58,19:03,20:32
2026-03-15,Sun,,05:50,05:50,07:04,,13:05,16:14,20:23,06:00,13:15,16:24,18:59,19:04,20:33
2026-03-16,Mon,,05:48,05:48,07:02,,13:04,16:15,20:25,05:58,13:14,16:25,19:01,19:06,20:35
2026-03-17,Tue,,05:46,05:46,07:00,,13:04,16:16,20:26,05:56,13:14,16:26,19:02,19:07,20:36
2026-03-18,Wed,,05:44,05:44,06:58,,13:04,16:17,20:28,05:54,13:14,16:27,19:04,19:09,20:38
2026-03-19,Thu,,05:42,05:42,06:56,,13:03,16:17,20:29,05:52,13:13,16:27,19:05,19:10,20:39
2026-03-20,Fri,,05:39,05:39,06:53,,13:03,16:18,20:31,05:49,13:13,16:28,19:07,19:12,20:41
2026-03-21,Sat,,05:37,05:37,06:51,,13:03,16:19,20:32,05:47,13:13,16:29,19:08,19:13,20:42
2026-03-22,Sun,,05:35,05:35,06:49,,13:02,16:20,20:34,05:45,13:12,16:30,19:10,19:15,20:44
2026-03-23,Mon,,05:33,05:33,06:47,,13:02,16:21,20:35,05:43,13:12,16:31,19:11,19:16,20:45
2026-03-24,Tue,,05:31,05:31,06:45,,13:02,16:22,20:37,05:41,13:12,16:32,19:13,19:18,20:47
2026-03-25,Wed,,05:28,05:28,06:43,,13:02,16:23,20:38,05:38,13:12,16:33,19:14,19:19,20:48
2026-03-26,Thu,,05:26,05:26,06:41,,13:01,16:23,20:40,05:36,13:11,16:33,19:16,19:21,20:50
2026-03-27,Fri,,05:24,05:24,06:39,,13:01,16:24,20:41,05:34,13:11,16:34,19:17,19:22,20:51
2026-03-28,Sat,,05:21,05:21,06:37,,13:01,16:25,20:43,05:31,13:11,16:35,19:19,19:24,20:53
2026-03-29,Sun,,06:19,06:19,07:34,,14:00,17:26,21:44,06:29,14:10,17:36,20:20,20:25,21:54
2026-03-30,Mon,,06:17,06:17,07:32,,14:00,17:27,21:46,06:27,14:10,17:37,20:22,20:27,21:56
2026-03-31,Tue,,06:15,06:15,07:30,,14:00,17:27,21:47,06:25,14:10,17:37,20:23,20:28,21:57
2026-04-01,Wed,,06:13,06:13,07:28,,13:59,17:28,21:49,06:23,14:09,17:38,20:25,20:30,21:59
2026-04-02,Thu,,06:11,06:11,07:26,,13:59,17:29,21:50,06:21,14:09,17:39,20:26,20:31,22:00
2026-04-03,Fri,,06:09,06:09,07:24,,13:59,17:30,21:52,06:19,14:09,17:40,20:28,20:33,22:02
2026-04-04,Sat,,06:06,06:06,07:22,,13:59,17:31,21:53,06:16,14:09,17:41,20:29,20:34,22:03
2026-04-05,Sun,,06:04,06:04,07:20,,13:58,17:31,21:55,06:14,14:08,17:41,20:31,20:36,22:05
2026-04-06,Mon,,06:02,06:02,07:18,,13:58,17:32,21:56,06:12,14:08,17:42,20:32,20:37,22:06
2026-04-07,Tue,,05:59,05:59,07:16,,13:58,17:33,21:58,06:09,14:08,17:43,20:34,20:39,22:08
2026-04-08,Wed,,05:57,05:57,07:14,,13:57,17:33,21:59,06:07,14:07,17:43,20:35,20:40,22:09
2026-04-09,Thu,,05:55,05:55,07:12,,13:57,17:34,22:01,06:05,14:07,17:44,20:37,20:42,22:11
2026-04-10,Fri,,05:52,05:52,07:10,,13:57,17:35,22:02,06:02,14:07,17:45,20:38,20:43,22:12
2026-04-11,Sat,,05:50,05:50,07:08,,13:57,17:36,22:04,06:00,14:07,17:46,20:40,20:45,22:14
2026-04-12,Sun,,05:48,05:48,07:06,,13:56,17:36,22:05,05:58,14:06,17:46,20:41,20:46,22:15
2026-04-13,Mon,,05:46,05:46,07:04,,13:56,17:37,22:07,05:56,14:06,17:47,20:43,20:48,22:17
2026-04-14,Tue,,05:43,05:43,07:02,,13:56,17:38,22:08,05:53,14:06,17:48,20:44,20:49,22:18
2026-04-15,Wed,,05:41,05:41,07:00,,13:56,17:38,22:10,05:51,14:06,17:48,20:46,20:51,22:20
2026-04-16,Thu,,05:39,05:39,06:58,,13:55,17:39,22:11,05:49,14:05,17:49,20:47,20:52,22:21
2026-04-17,Fri,,05:36,05:36,06:56,,13:55,17:39,22:13,05:46,14:05,17:49,20:49,20:54,22:23
2026-04-18,Sat,,05:34,05:34,06:54,,13:55,17:40,22:14,05:44,14:05,17:50,20:50,20:55,22:24
2026-04-19,Sun,,05:32,05:32,06:52,,13:55,17:41,22:16,05:42,14:05,17:51,20:52,20:57,22:26
2026-04-20,Mon,,05:29,05:29,06:50,,13:55,17:41,22:17,05:39,14:05,17:51,20:53,20:58,22:27
2026-04-21,Tue,,05:27,05:27,06:48,,13:54,17:42,22:19,05:37,14:04,17:52,20:55,21:00,22:29
2026-04-22,Wed,,05:25,05:25,06:46,,13:54,17:43,22:20,05:35,14:04,17:53,20:56,21:01,22:30
2026-04-23,Thu,,05:22,05:22,06:44,,13:54,17:43,22:21,05:32,14:04,17:53,20:57,21:02,22:31
2026-04-24,Fri,,05:20,05:20,06:42,,13:54,17:44,22:23,05:30,14:04,17:54,20:59,21:04,22:33
2026-04-25,Sat,,05:18,05:18,06:41,,13:54,17:44,22:24,05:28,14:04,17:54,21:00,21:05,22:34
2026-04-26,Sun,,05:16,05:16,06:39,,13:53,17:45,22:26,05:26,14:03,17:55,21:02,21:07,22:36
2026-04-27,Mon,,05:13,05:13,06:37,,13:53,17:46,22:27,05:23,14:03,17:56,21:03,21:08,22:37
2026-04-28,Tue,,05:11,05:11,06:35,,13:53,17:46,22:29,05:21,14:03,17:56,21:05,21:10,22:39
2026-04-29,Wed,,05:09,05:09,06:33,,13:53,17:47,22:30,05:19,14:03,17:57,21:06,21:11,22:40
2026-04-30,Thu,,05:07,05:07,06:32,,13:53,17:47,22:32,05:17,14:03,17:57,21:08,21:13,22:42
2026-05-01,Fri,,05:05,05:05,06:30,,13:53,17:48,22:33,05:15,14:03,17:58,21:09,21:14,22:43
2026-05-02,Sat,,05:02,05:02,06:28,,13:53,17:48,22:35,05:12,14:03,17:58,21:11,21:16,22:45
2026-05-03,Sun,,05:00,05:00,06:27,,13:53,17:49,22:36,05:10,14:03,17:59,21:12,21:17,22:46
2026-05-04,Mon,,04:58,04:58,06:25,,13:52,17:50,22:38,05:08,14:02,18:00,21:14,21:19,22:48
2026-05-05,Tue,,04:56,04:56,06:23,,13:52,17:50,22:39,05:06,14:02,18:00,21:15,21:20,22:49
2026-05-06,Wed,,04:54,04:54,06:22,,13:52,17:51,22:40,05:04,14:02,18:01,21:16,21:21,22:50
2026-05-07,Thu,,04:52,04:52,06:20,,13:52,17:51,22:42,05:02,14:02,18:01,21:18,21:23,22:52
2026-05-08,Fri,,04:50,04:50,06:19,,13:52,17:52,22:44,05:00,14:02,18:02,21:19,21:24,22:54
2026-05-09,Sat,,04:48,04:48,06:17,,13:52,17:52,22:46,04:58,14:02,18:02,21:21,21:26,22:56
2026-05-10,Sun,,04:46,04:46,06:16,,13:52,17:53,22:48,04:56,14:02,18:03,21:22,21:27,22:58
2026-05-11,Mon,,04:44,04:44,06:14,,13:52,17:53,22:50,04:54,14:02,18:03,21:24,21:29,23:00
2026-05-12,Tue,,04:42,04:42,06:13,,13:52,17:54,22:52,04:52,14:02,18:04,21:25,21:30,23:02
2026-05-13,Wed,,04:40,04:40,06:11,,13:52,17:54,22:54,04:50,14:02,18:04,21:26,21:31,23:04
2026-05-14,Thu,,04:38,04:38,06:10,,13:52,17:55,22:56,04:48,14:02,18:05,21:28,21:33,23:06
2026-05-15,Fri,,04:36,04:36,06:09,,13:52,17:55,22:58,04:46,14:02,18:05,21:29,21:34,23:08
2026-05-16,Sat,,04:34,04:34,06:07,,13:52,17:56,23:00,04:44,14:02,18:06,21:30,21:35,23:10
2026-05-17,Sun,,04:32,04:32,06:06,,13:52,17:56,23:02,04:42,14:02,18:06,21:32,21:37,23:12
2026-05-18,Mon,,04:30,04:30,06:05,,13:52,17:57,23:04,04:40,14:02,18:07,21:33,21:38,23:14
2026-05-19,Tue,,04:28,04:28,06:04,,13:52,17:57,23:06,04:38,14:02,18:07,21:34,21:39,23:16
2026-05-20,Wed,,04:27,04:27,06:03,,13:52,17:58,23:08,04:37,14:02,18:08,21:35,21:40,23:18
2026-05-21,Thu,,04:25,04:25,06:01,,13:52,17:58,23:10,04:35,14:02,18:08,21:37,21:42,23:20
2026-05-22,Fri,,04:23,04:23,06:00,,13:52,17:59,23:11,04:33,14:02,18:09,21:38,21:43,23:21
2026-05-23,Sat,,04:21,04:21,05:59,,13:52,17:59,23:13,04:31,14:02,18:09,21:39,21:44,23:23
2026-05-24,Sun,,04:20,04:20,05:58,,13:53,18:00,23:15,04:30,14:03,18:10,21:40,21:45,23:25
2026-05-25,Mon,,04:18,04:18,05:57,,13:53,18:00,23:17,04:28,14:03,18:10,21:41,21:46,23:27
2026-05-26,Tue,,04:17,04:17,05:56,,13:53,18:01,23:19,04:27,14:03,18:11,21:43,21:48,23:29
2026-05-27,Wed,,04:15,04:15,05:55,,13:53,18:01,23:20,04:25,14:03,18:11,21:44,21:49,23:30
2026-05-28,Thu,,04:14,04:14,05:55,,13:53,18:02,23:22,04:24,14:03,18:12,21:45,21:50,23:32
2026-05-29,Fri,,04:12,04:12,05:54,,13:53,18:02,23:24,04:22,14:03,18:12,21:46,21:51,23:34
2026-05-30,Sat,,04:11,04:11,05:53,,13:53,18:02,23:25,04:21,14:03,18:12,21:47,21:52,23:35
2026-05-31,Sun,,04:10,04:10,05:52,,13:53,18:03,23:27,04:20,14:03,18:13,21:48,21:53,23:37
2026-06-01,Mon,,04:09,04:09,05:52,,13:54,18:03,23:28,04:19,14:04,18:13,21:49,21:54,23:38
2026-06-02,Tue,,04:07,04:07,05:51,,13:54,18:04,23:30,04:17,14:04,18:14,21:50,21:55,23:40
2026-06-03,Wed,,04:06,04:06,05:50,,13:54,18:04,23:31,04:16,14:04,18:14,21:51,21:56,23:41
2026-06-04,Thu,,04:05,04:05,05:50,,13:54,18:05,23:32,04:15,14:04,18:15,21:52,21:57,23:42
2026-06-05,Fri,,04:04,04:04,05:49,,13:54,18:05,23:32,04:14,14:04,18:15,21:53,21:58,23:42
2026-06-06,Sat,,04:03,04:03,05:49,,13:54,18:05,23:33,04:13,14:04,18:15,21:53,21:58,23:43
2026-06-07,Sun,,04:02,04:02,05:48,,13:55,18:06,23:33,04:12,14:05,18:16,21:54,21:59,23:43
2026-06-08,Mon,,04:02,04:02,05:48,,13:55,18:06,23:33,04:12,14:05,18:16,21:55,22:00,23:43
2026-06-09,Tue,,04:01,04:01,05:48,,13:55,18:06,23:34,04:11,14:05,18:16,21:56,22:01,23:44
2026-06-10,Wed,,04:00,04:00,05:47,,13:55,18:07,23:34,04:10,14:05,18:17,21:56,22:01,23:44
2026-06-11,Thu,,04:00,04:00,05:47,,13:55,18:07,23:34,04:10,14:05,18:17,21:57,22:02,23:44
2026-06-12,Fri,,03:59,03:59,05:47,,13:56,18:07,23:35,04:09,14:06,18:17,21:58,22:03,23:45
2026-06-13,Sat,,03:59,03:59,05:47,,13:56,18:08,23:35,04:09,14:06,18:18,21:58,22:03,23:45
2026-06-14,Sun,,03:58,03:58,05:47,,13:56,18:08,23:35,04:08,14:06,18:18,21:59,22:04,23:45
2026-06-15,Mon,,03:58,03:58,05:46,,13:56,18:08,23:35,04:08,14:06,18:18,21:59,22:04,23:45
2026-06-16,Tue,,03:58,03:58,05:46,,13:56,18:09,23:36,04:08,14:06,18:19,21:59,22:04,23:46
2026-06-17,Wed,,03:59,03:59,05:46,,13:57,18:09,23:36,04:09,14:07,18:19,22:00,22:05,23:46
2026-06-18,Thu,,03:58,03:58,05:47,,13:57,18:09,23:36,04:08,14:07,18:19,22:00,22:05,23:46
2026-06-19,Fri,,03:58,03:58,05:47,,13:57,18:09,23:36,04:08,14:07,18:19,22:01,22:06,23:46
2026-06-20,Sat,,03:58,03:58,05:47,,13:57,18:10,23:36,04:08,14:07,18:20,22:01,22:06,23:46
2026-06-21,Sun,,03:58,03:58,05:47,,13:58,18:10,23:37,04:08,14:08,18:20,22:01,22:06,23:47
2026-06-22,Mon,,03:58,03:58,05:47,,13:58,18:10,23:37,04:08,14:08,18:20,22:01,22:06,23:47
2026-06-23,Tue,,03:58,03:58,05:48,,13:58,18:10,23:37,04:08,14:08,18:20,22:01,22:06,23:47
2026-06-24,Wed,,03:59,03:59,05:48,,13:58,18:10,23:37,04:09,14:08,18:20,22:01,22:06,23:47
2026-06-25,Thu,,03:59,03:59,05:48,,13:58,18:11,23:37,04:09,14:08,18:21,22:01,22:06,23:47
2026-06-26,Fri,,04:00,04:00,05:49,,13:59,18:11,23:37,04:10,14:09,18:21,22:01,22:06,23:47
2026-06-27,Sat,,04:00,04:00,05:49,,13:59,18:11,23:36,04:10,14:09,18:21,22:01,22:06,23:46
2026-06-28,Sun,,04:01,04:01,05:50,,13:59,18:11,23:36,04:11,14:09,18:21,22:01,22:06,23:46
2026-06-29,Mon,,04:02,04:02,05:50,,13:59,18:11,23:36,04:12,14:09,18:21,22:01,22:06,23:46
2026-06-30,Tue,,04:03,04:03,05:51,,13:59,18:11,23:35,04:13,14:09,18:21,22:01,22:06,23:45
2026-07-01,Wed,,04:04,04:04,05:51,,14:00,18:11,23:35,04:14,14:10,18:21,22:01,22:06,23:45
2026-07-02,Thu,,04:06,04:06,05:52,,14:00,18:11,23:35,04:16,14:10,18:21,22:00,22:05,23:45
2026-07-03,Fri,,04:07,04:07,05:53,,14:00,18:11,23:34,04:17,14:10,18:21,22:00,22:05,23:44
2026-07-04,Sat,,04:08,04:08,05:53,,14:00,18:11,23:34,04:18,14:10,18:21,22:00,22:05,23:44
2026-07-05,Sun,,04:09,04:09,05:54,,14:00,18:11,23:34,04:19,14:10,18:21,21:59,22:04,23:44
2026-07-06,Mon,,04:10,04:10,05:55,,14:00,18:11,23:33,04:20,14:10,18:21,21:59,22:04,23:43
2026-07-07,Tue,,04:12,04:12,05:56,,14:01,18:11,23:33,04:22,14:11,18:21,21:58,22:03,23:43
2026-07-08,Wed,,04:13,04:13,05:57,,14:01,18:11,23:32,04:23,14:11,18:21,21:58,22:03,23:42
2026-07-09,Thu,,04:14,04:14,05:57,,14:01,18:11,23:32,04:24,14:11,18:21,21:57,22:02,23:42
2026-07-10,Fri,,04:16,04:16,05:58,,14:01,18:11,23:31,04:26,14:11,18:21,21:56,22:01,23:41
2026-07-11,Sat,,04:17,04:17,05:59,,14:01,18:11,23:31,04:27,14:11,18:21,21:56,22:01,23:41
2026-07-12,Sun,,04:19,04:19,06:00,,14:01,18:11,23:30,04:29,14:11,18:21,21:55,22:00,23:40
2026-07-13,Mon,,04:20,04:20,06:01,,14:01,18:11,23:30,04:30,14:11,18:21,21:54,21:59,23:40
2026-07-14,Tue,,04:20,04:20,06:02,,14:02,18:10,23:30,04:30,14:12,18:20,21:53,21:58,23:40
2026-07-15,Wed,,04:22,04:22,06:03,,14:02,18:10,23:29,04:32,14:12,18:20,21:53,21:58,23:39
2026-07-16,Thu,,04:23,04:23,06:04,,14:02,18:10,23:28,04:33,14:12,18:20,21:52,21:57,23:38
2026-07-17,Fri,,04:25,04:25,06:06,,14:02,18:10,23:26,04:35,14:12,18:20,21:51,21:56,23:36
2026-07-18,Sat,,04:27,04:27,06:07,,14:02,18:09,23:24,04:37,14:12,18:19,21:50,21:55,23:34
2026-07-19,Sun,,04:28,04:28,06:08,,14:02,18:09,23:23,04:38,14:12,18:19,21:49,21:54,23:33
2026-07-20,Mon,,04:30,04:30,06:09,,14:02,18:09,23:22,04:40,14:12,18:19,21:48,21:53,23:32
2026-07-21,Tue,,04:32,04:32,06:10,,14:02,18:08,23:20,04:42,14:12,18:18,21:47,21:52,23:30
2026-07-22,Wed,,04:34,04:34,06:11,,14:02,18:08,23:18,04:44,14:12,18:18,21:45,21:50,23:28
2026-07-23,Thu,,04:35,04:35,06:13,,14:02,18:08,23:16,04:45,14:12,18:18,21:44,21:49,23:26
2026-07-24,Fri,,04:37,04:37,06:14,,14:02,18:07,23:15,04:47,14:12,18:17,21:43,21:48,23:25
2026-07-25,Sat,,04:39,04:39,06:15,,14:02,18:07,23:13,04:49,14:12,18:17,21:42,21:47,23:23
2026-07-26,Sun,,04:41,04:41,06:16,,14:02,18:06,23:11,04:51,14:12,18:16,21:40,21:45,23:21
2026-07-27,Mon,,04:43,04:43,06:18,,14:02,18:06,23:09,04:53,14:12,18:16,21:39,21:44,23:19
2026-07-28,Tue,,04:45,04:45,06:19,,14:02,18:05,23:07,04:55,14:12,18:15,21:38,21:43,23:17
2026-07-29,Wed,,04:47,04:47,06:20,,14:02,18:05,23:05,04:57,14:12,18:15,21:36,21:41,23:15
2026-07-30,Thu,,04:48,04:48,06:21,,14:02,18:04,23:03,04:58,14:12,18:14,21:35,21:40,23:13
2026-07-31,Fri,,04:50,04:50,06:23,,14:02,18:04,23:01,05:00,14:12,18:14,21:34,21:39,23:11
2026-08-01,Sat,,04:52,04:52,06:24,,14:02,18:03,22:59,05:02,14:12,18:13,21:32,21:37,23:09
2026-08-02,Sun,,04:54,04:54,06:25,,14:02,18:02,22:57,05:04,14:12,18:12,21:31,21:36,23:07
2026-08-03,Mon,,04:56,04:56,06:27,,14:02,18:02,22:55,05:06,14:12,18:12,21:29,21:34,23:05
2026-08-04,Tue,,04:58,04:58,06:28,,14:02,18:01,22:53,05:08,14:12,18:11,21:28,21:33,23:03
2026-08-05,Wed,,05:00,05:00,06:30,,14:02,18:00,22:50,05:10,14:12,18:10,21:26,21:31,23:00
2026-08-06,Thu,,05:02,05:02,06:31,,14:02,18:00,22:48,05:12,14:12,18:10,21:24,21:29,22:58
2026-08-07,Fri,,05:04,05:04,06:32,,14:01,17:59,22:47,05:14,14:11,18:09,21:23,21:28,22:57
2026-08-08,Sat,,05:05,05:05,06:34,,14:01,17:58,22:45,05:15,14:11,18:08,21:21,21:26,22:55
2026-08-09,Sun,,05:07,05:07,06:35,,14:01,17:57,22:43,05:17,14:11,18:07,21:19,21:24,22:53
2026-08-10,Mon,,05:09,05:09,06:36,,14:01,17:57,22:42,05:19,14:11,18:07,21:18,21:23,22:52
2026-08-11,Tue,,05:11,05:11,06:38,,14:01,17:56,22:40,05:21,14:11,18:06,21:16,21:21,22:50
2026-08-12,Wed,,05:13,05:13,06:39,,14:01,17:55,22:38,05:23,14:11,18:05,21:14,21:19,22:48
2026-08-13,Thu,,05:15,05:15,06:41,,14:00,17:54,22:36,05:25,14:10,18:04,21:13,21:18,22:46
2026-08-14,Fri,,05:17,05:17,06:42,,14:00,17:53,22:34,05:27,14:10,18:03,21:11,21:16,22:44
2026-08-15,Sat,,05:19,05:19,06:43,,14:00,17:52,22:32,05:29,14:10,18:02,21:09,21:14,22:42
2026-08-16,Sun,,05:21,05:21,06:45,,14:00,17:51,22:30,05:31,14:10,18:01,21:07,21:12,22:40
2026-08-17,Mon,,05:22,05:22,06:46,,14:00,17:50,22:28,05:32,14:10,18:00,21:05,21:10,22:38
2026-08-18,Tue,,05:24,05:24,06:48,,13:59,17:49,22:26,05:34,14:09,17:59,21:03,21:08,22:36
2026-08-19,Wed,,05:26,05:26,06:49,,13:59,17:48,22:24,05:36,14:09,17:58,21:02,21:07,22:34
2026-08-20,Thu,,05:28,05:28,06:51,,13:59,17:47,22:22,05:38,14:09,17:57,21:00,21:05,22:32
2026-08-21,Fri,,05:30,05:30,06:52,,13:59,17:46,22:20,05:40,14:09,17:56,20:58,21:03,22:30
2026-08-22,Sat,,05:31,05:31,06:53,,13:59,17:45,22:18,05:41,14:09,17:55,20:56,21:01,22:28
2026-08-23,Sun,,05:33,05:33,06:55,,13:58,17:44,22:16,05:43,14:08,17:54,20:54,20:59,22:26
2026-08-24,Mon,,05:35,05:35,06:56,,13:58,17:43,22:14,05:45,14:08,17:53,20:52,20:57,22:24
2026-08-25,Tue,,05:37,05:37,06:58,,13:58,17:42,22:12,05:47,14:08,17:52,20:50,20:55,22:22
2026-08-26,Wed,,05:39,05:39,06:59,,13:57,17:41,22:10,05:49,14:07,17:51,20:48,20:53,22:20
2026-08-27,Thu,,05:40,05:40,07:00,,13:57,17:39,22:08,05:50,14:07,17:49,20:46,20:51,22:18
2026-08-28,Fri,,05:42,05:42,07:02,,13:57,17:38,22:06,05:52,14:07,17:48,20:44,20:49,22:16
2026-08-29,Sat,,05:44,05:44,07:03,,13:57,17:37,22:04,05:54,14:07,17:47,20:42,20:47,22:14
2026-08-30,Sun,,05:46,05:46,07:05,,13:56,17:36,22:02,05:56,14:06,17:46,20:40,20:45,22:12
2026-08-31,Mon,,05:47,05:47,07:06,,13:56,17:35,22:00,05:57,14:06,17:45,20:38,20:43,22:10
2026-09-01,Tue,,05:49,05:49,07:08,,13:56,17:33,21:58,05:59,14:06,17:43,20:36,20:41,22:08
2026-09-02,Wed,,05:51,05:51,07:09,,13:55,17:32,21:56,06:01,14:05,17:42,20:34,20:39,22:06
2026-09-03,Thu,,05:53,05:53,07:10,,13:55,17:31,21:54,06:03,14:05,17:41,20:32,20:37,22:04
2026-09-04,Fri,,05:55,05:55,07:12,,13:55,17:30,21:52,06:05,14:05,17:40,20:30,20:35,22:02
2026-09-05,Sat,,05:56,05:56,07:13,,13:54,17:28,21:50,06:06,14:04,17:38,20:28,20:33,22:00
2026-09-06,Sun,,05:57,05:57,07:15,,13:54,17:27,21:47,06:07,14:04,17:37,20:25,20:30,21:57
2026-09-07,Mon,,05:59,05:59,07:16,,13:54,17:25,21:45,06:09,14:04,17:35,20:23,20:28,21:55
2026-09-08,Tue,,06:01,06:01,07:17,,13:53,17:24,21:43,06:11,14:03,17:34,20:21,20:26,21:53
2026-09-09,Wed,,06:02,06:02,07:19,,13:53,17:23,21:41,06:12,14:03,17:33,20:19,20:24,21:51
2026-09-10,Thu,,06:03,06:03,07:20,,13:53,17:21,21:39,06:13,14:03,17:31,20:17,20:22,21:49
2026-09-11,Fri,,06:05,06:05,07:22,,13:52,17:20,21:37,06:15,14:02,17:30,20:15,20:20,21:47
2026-09-12,Sat,,06:06,06:06,07:23,,13:52,17:19,21:35,06:16,14:02,17:29,20:13,20:18,21:45
2026-09-13,Sun,,06:08,06:08,07:24,,13:52,17:17,21:33,06:18,14:02,17:27,20:11,20:16,21:43
2026-09-14,Mon,,06:10,06:10,07:26,,13:51,17:16,21:31,06:20,14:01,17:26,20:09,20:14,21:41
2026-09-15,Tue,,06:12,06:12,07:27,,13:51,17:14,21:29,06:22,14:01,17:24,20:07,20:12,21:39
2026-09-16,Wed,,06:14,06:14,07:29,,13:50,17:13,21:27,06:24,14:00,17:23,20:05,20:10,21:37
2026-09-17,Thu,,06:15,06:15,07:30,,13:50,17:11,21:24,06:25,14:00,17:21,20:02,20:07,21:34
2026-09-18,Fri,,06:17,06:17,07:32,,13:50,17:10,21:22,06:27,14:00,17:20,20:00,20:05,21:32
2026-09-19,Sat,,06:18,06:18,07:33,,13:49,17:08,21:20,06:28,13:59,17:18,19:58,20:03,21:30
2026-09-20,Sun,,06:20,06:20,07:34,,13:49,17:07,21:18,06:30,13:59,17:17,19:56,20:01,21:28
2026-09-21,Mon,,06:21,06:21,07:36,,13:49,17:05,21:16,06:31,13:59,17:15,19:54,19:59,21:26
2026-09-22,Tue,,06:23,06:23,07:37,,13:48,17:04,21:13,06:33,13:58,17:14,19:51,19:56,21:23
2026-09-23,Wed,,06:24,06:24,07:39,,13:48,17:02,21:11,06:34,13:58,17:12,19:49,19:54,21:21
2026-09-24,Thu,,06:26,06:26,07:40,,13:48,17:01,21:09,06:36,13:58,17:11,19:47,19:52,21:19
2026-09-25,Fri,,06:27,06:27,07:42,,13:47,16:59,21:07,06:37,13:57,17:09,19:45,19:50,21:17
2026-09-26,Sat,,06:29,06:29,07:43,,13:47,16:58,21:05,06:39,13:57,17:08,19:43,19:48,21:15
2026-09-27,Sun,,06:30,06:30,07:44,,13:47,16:56,21:03,06:40,13:57,17:06,19:41,19:46,21:13
2026-09-28,Mon,,06:32,06:32,07:46,,13:46,16:55,21:01,06:42,13:56,17:05,19:39,19:44,21:11
2026-09-29,Tue,,06:34,06:34,07:47,,13:46,16:53,20:59,06:44,13:56,17:03,19:37,19:42,21:09
2026-09-30,Wed,,06:35,06:35,07:49,,13:46,16:51,20:56,06:45,13:56,17:01,19:34,19:39,21:06
2026-10-01,Thu,,05:31,05:31,07:01,,12:55,16:43,19:57,05:41,13:05,16:53,18:42,18:47,20:07
2026-10-02,Fri,,05:33,05:33,07:02,,12:55,16:41,19:55,05:43,13:05,16:51,18:40,18:45,20:05
2026-10-03,Sat,,05:34,05:34,07:04,,12:55,16:39,19:53,05:44,13:05,16:49,18:38,18:43,20:03
2026-10-04,Sun,,05:36,05:36,07:06,,12:54,16:37,19:51,05:46,13:04,16:47,18:35,18:40,20:01
2026-10-05,Mon,,05:38,05:38,07:07,,12:54,16:35,19:48,05:48,13:04,16:45,18:33,18:38,19:58
2026-10-06,Tue,,05:39,05:39,07:09,,12:54,16:33,19:46,05:49,13:04,16:43,18:31,18:36,19:56
2026-10-07,Wed,,05:41,05:41,07:11,,12:53,16:31,19:44,05:51,13:03,16:41,18:29,18:34,19:54
2026-10-08,Thu,,05:43,05:43,07:12,,12:53,16:29,19:42,05:53,13:03,16:39,18:26,18:31,19:52
2026-10-09,Fri,,05:44,05:44,07:14,,12:53,16:28,19:39,05:54,13:03,16:38,18:24,18:29,19:49
2026-10-10,Sat,,05:46,05:46,07:16,,12:53,16:26,19:37,05:56,13:03,16:36,18:22,18:27,19:47
2026-10-11,Sun,,05:48,05:48,07:17,,12:52,16:24,19:35,05:58,13:02,16:34,18:20,18:25,19:45
2026-10-12,Mon,,05:49,05:49,07:19,,12:52,16:22,19:33,05:59,13:02,16:32,18:18,18:23,19:43
2026-10-13,Tue,,05:51,05:51,07:21,,12:52,16:20,19:31,06:01,13:02,16:30,18:15,18:20,19:41
2026-10-14,Wed,,05:53,05:53,07:22,,12:52,16:18,19:28,06:03,13:02,16:28,18:13,18:18,19:38
2026-10-15,Thu,,05:55,05:55,07:24,,12:51,16:16,19:26,06:05,13:01,16:26,18:11,18:16,19:36
2026-10-16,Fri,,05:56,05:56,07:26,,12:51,16:14,19:24,06:06,13:01,16:24,18:09,18:14,19:34
2026-10-17,Sat,,05:58,05:58,07:27,,12:51,16:12,19:22,06:08,13:01,16:22,18:07,18:12,19:32
2026-10-18,Sun,,06:00,06:00,07:29,,12:51,16:10,19:20,06:10,13:01,16:20,18:05,18:10,19:30
2026-10-19,Mon,,06:01,06:01,07:31,,12:51,16:08,19:18,06:11,13:01,16:18,18:03,18:08,19:28
2026-10-20,Tue,,06:03,06:03,07:33,,12:50,16:06,19:16,06:13,13:00,16:16,18:01,18:06,19:26
2026-10-21,Wed,,06:04,06:04,07:34,,12:50,16:04,19:14,06:14,13:00,16:14,17:59,18:04,19:24
2026-10-22,Thu,,06:06,06:06,07:36,,12:50,16:02,19:12,06:16,13:00,16:12,17:56,18:01,19:22
2026-10-23,Fri,,06:08,06:08,07:38,,12:50,16:00,19:10,06:18,13:00,16:10,17:54,17:59,19:20
2026-10-24,Sat,,06:10,06:10,07:40,,12:50,15:59,19:08,06:20,13:00,16:09,17:52,17:57,19:18
2026-10-25,Sun,,05:11,05:11,06:41,,11:50,14:57,18:06,05:21,12:00,15:07,16:50,16:55,18:16
2026-10-26,Mon,,05:13,05:13,06:43,,11:50,14:55,18:04,05:23,12:00,15:05,16:49,16:54,18:14
2026-10-27,Tue,,05:15,05:15,06:45,,11:50,14:53,18:02,05:25,12:00,15:03,16:47,16:52,18:12
2026-10-28,Wed,,05:17,05:17,06:47,,11:49,14:51,18:00,05:27,11:59,15:01,16:45,16:50,18:10
2026-10-29,Thu,,05:19,05:19,06:48,,11:49,14:50,17:58,05:29,11:59,15:00,16:43,16:48,18:08
2026-10-30,Fri,,05:21,05:21,06:50,,11:49,14:48,17:56,05:31,11:59,14:58,16:41,16:46,18:06
2026-10-31,Sat,,05:23,05:23,06:52,,11:49,14:46,17:54,05:33,11:59,14:56,16:39,16:44,18:04
2026-11-01,Sun,,05:25,05:25,06:54,,23:49,14:44,17:52,05:35,23:59,14:54,16:37,16:42,18:02
2026-11-02,Mon,,05:26,05:26,06:55,,23:49,14:43,17:51,05:36,23:59,14:53,16:35,16:40,18:01
2026-11-03,Tue,,05:27,05:27,06:57,,23:49,14:41,17:49,05:37,23:59,14:51,16:34,16:39,17:59
2026-11-04,Wed,,05:29,05:29,06:59,,23:49,14:39,17:47,05:39,23:59,14:49,16:32,16:37,17:57
2026-11-05,Thu,,05:30,05:30,07:01,,23:49,14:38,17:45,05:40,23:59,14:48,16:30,16:35,17:55
2026-11-06,Fri,,05:32,05:32,07:02,,23:49,14:36,17:44,05:42,23:59,14:46,16:28,16:33,17:54
2026-11-07,Sat,,05:34,05:34,07:04,,23:49,14:35,17:42,05:44,23:59,14:45,16:27,16:32,17:52
2026-11-08,Sun,,05:36,05:36,07:06,,23:49,14:33,17:40,05:46,23:59,14:43,16:25,16:30,17:50
2026-11-09,Mon,,05:38,05:38,07:08,,23:50,14:32,17:39,05:48,24:00,14:42,16:24,16:29,17:49
2026-11-10,Tue,,05:40,05:40,07:09,,23:50,14:30,17:37,05:50,24:00,14:40,16:22,16:27,17:47
2026-11-11,Wed,,05:42,05:42,07:11,,23:50,14:29,17:36,05:52,24:00,14:39,16:21,16:26,17:46
2026-11-12,Thu,,05:44,05:44,07:13,,23:50,14:27,17:34,05:54,24:00,14:37,16:19,16:24,17:44
2026-11-13,Fri,,05:46,05:46,07:15,,23:50,14:26,17:33,05:56,24:00,14:36,16:18,16:23,17:43
2026-11-14,Sat,,05:48,05:48,07:16,,23:50,14:25,17:31,05:58,24:00,14:35,16:16,16:21,17:41
2026-11-15,Sun,,05:50,05:50,07:18,,23:50,14:23,17:30,06:00,24:00,14:33,16:15,16:20,17:40
2026-11-16,Mon,,05:52,05:52,07:20,,23:51,14:22,17:29,06:02,24:01,14:32,16:13,16:18,17:39
2026-11-17,Tue,,05:54,05:54,07:21,,23:51,14:21,17:27,06:04,24:01,14:31,16:12,16:17,17:37
2026-11-18,Wed,,05:56,05:56,07:23,,23:51,14:20,17:26,06:06,24:01,14:30,16:11,16:16,17:36
2026-11-19,Thu,,05:58,05:58,07:25,,23:51,14:19,17:25,06:08,24:01,14:29,16:10,16:15,17:35
2026-11-20,Fri,,06:00,06:00,07:27,,23:51,14:18,17:24,06:10,24:01,14:28,16:08,16:13,17:34
2026-11-21,Sat,,06:02,06:02,07:28,,23:52,14:17,17:22,06:12,24:02,14:27,16:07,16:12,17:32
2026-11-22,Sun,,06:04,06:04,07:30,,23:52,14:15,17:21,06:14,24:02,14:25,16:06,16:11,17:31
2026-11-23,Mon,,06:06,06:06,07:31,,23:52,14:15,17:20,06:16,24:02,14:25,16:05,16:10,17:30
2026-11-24,Tue,,06:07,06:07,07:33,,23:52,14:14,17:19,06:17,24:02,14:24,16:04,16:09,17:29
2026-11-25,Wed,,06:09,06:09,07:35,,23:53,14:13,17:18,06:19,24:03,14:23,16:03,16:08,17:28
2026-11-26,Thu,,06:10,06:10,07:36,,23:53,14:12,17:17,06:20,24:03,14:22,16:02,16:07,17:27
2026-11-27,Fri,,06:11,06:11,07:38,,23:53,14:11,17:16,06:21,24:03,14:21,16:01,16:06,17:26
2026-11-28,Sat,,06:12,06:12,07:39,,23:54,14:10,17:16,06:22,24:04,14:20,16:00,16:05,17:26
2026-11-29,Sun,,06:14,06:14,07:41,,23:54,14:10,17:15,06:24,24:04,14:20,16:00,16:05,17:25
2026-11-30,Mon,,06:15,06:15,07:42,,23:54,14:09,17:14,06:25,24:04,14:19,15:59,16:04,17:24
2026-12-01,Tue,,06:16,06:16,07:43,,23:55,14:08,17:13,06:26,24:05,14:18,15:58,16:03,17:23
2026-12-02,Wed,,06:17,06:17,07:45,,23:55,14:08,17:13,06:27,24:05,14:18,15:58,16:03,17:23
2026-12-03,Thu,,06:18,06:18,07:46,,23:56,14:07,17:13,06:28,24:06,14:17,15:57,16:02,17:23
2026-12-04,Fri,,06:20,06:20,07:48,,23:56,14:07,17:13,06:30,24:06,14:17,15:57,16:02,17:23
2026-12-05,Sat,,06:21,06:21,07:49,,23:56,14:07,17:12,06:31,24:06,14:17,15:56,16:01,17:22
2026-12-06,Sun,,06:22,06:22,07:50,,23:57,14:06,17:12,06:32,24:07,14:16,15:56,16:01,17:22
2026-12-07,Mon,,06:23,06:23,07:51,,23:57,14:06,17:11,06:33,24:07,14:16,15:55,16:00,17:21
2026-12-08,Tue,,06:25,06:25,07:52,,23:58,14:06,17:11,06:35,24:08,14:16,15:55,16:00,17:21
2026-12-09,Wed,,06:26,06:26,07:54,,23:58,14:05,17:11,06:36,24:08,14:15,15:55,16:00,17:21
2026-12-10,Thu,,06:27,06:27,07:55,,23:59,14:05,17:11,06:37,24:09,14:15,15:55,16:00,17:21
2026-12-11,Fri,,06:27,06:27,07:56,,23:59,14:05,17:11,06:37,24:09,14:15,15:55,16:00,17:21
2026-12-12,Sat,,06:28,06:28,07:57,,12:00,14:05,17:11,06:38,12:10,14:15,15:55,16:00,17:21
2026-12-13,Sun,,06:29,06:29,07:58,,12:00,14:05,17:11,06:39,12:10,14:15,15:55,16:00,17:21
2026-12-14,Mon,,06:30,06:30,07:59,,12:01,14:05,17:11,06:40,12:11,14:15,15:55,16:00,17:21
2026-12-15,Tue,,06:30,06:30,08:00,,12:01,14:05,17:11,06:40,12:11,14:15,15:55,16:00,17:21
2026-12-16,Wed,,06:30,06:30,08:00,,12:01,14:06,17:11,06:40,12:11,14:16,15:55,16:00,17:21
2026-12-17,Thu,,06:31,06:31,08:01,,12:02,14:06,17:11,06:41,12:12,14:16,15:55,16:00,17:21
2026-12-18,Fri,,06:31,06:31,08:02,,12:02,14:06,17:11,06:41,12:12,14:16,15:55,16:00,17:21
2026-12-19,Sat,,06:31,06:31,08:03,,12:03,14:07,17:12,06:41,12:13,14:17,15:56,16:01,17:22
2026-12-20,Sun,,06:32,06:32,08:03,,12:03,14:07,17:12,06:42,12:13,14:17,15:56,16:01,17:22
2026-12-21,Mon,,06:33,06:33,08:04,,12:04,14:07,17:13,06:43,12:14,14:17,15:56,16:01,17:23
2026-12-22,Tue,,06:33,06:33,08:04,,12:04,14:08,17:13,06:43,12:14,14:18,15:57,16:02,17:23
2026-12-23,Wed,,06:34,06:34,08:05,,12:05,14:09,17:13,06:44,12:15,14:19,15:58,16:03,17:23
2026-12-24,Thu,,06:34,06:34,08:05,,12:05,14:09,17:13,06:44,12:15,14:19,15:58,16:03,17:23
2026-12-25,Fri,,06:34,06:34,08:05,,12:06,14:10,17:14,06:44,12:16,14:20,15:59,16:04,17:24
2026-12-26,Sat,,06:35,06:35,08:06,,12:06,14:11,17:15,06:45,12:16,14:21,16:00,16:05,17:25
2026-12-27,Sun,,06:36,06:36,08:06,,12:07,14:11,17:15,06:46,12:17,14:21,16:00,16:05,17:25
2026-12-28,Mon,,06:37,06:37,08:06,,12:07,14:12,17:16,06:47,12:17,14:22,16:01,16:06,17:26
2026-12-29,Tue,,06:37,06:37,08:06,,12:08,14:13,17:17,06:47,12:18,14:23,16:02,16:07,17:27
2026-12-30,Wed,,06:37,06:37,08:06,,12:08,14:14,17:18,06:47,12:18,14:24,16:03,16:08,17:28
2026-12-31,Thu,,06:37,06:37,08:06,,12:09,14:15,17:19,06:47,12:19,14:25,16:04,16:09,17:29
